seq_1,GGATAACCAGTAGATGTTGCTGGACAAATGCAAAA
seq_2,TGCGGCCGACGCACCGCCTGGTTCACTGTAGGCATTCAAGGAAGTGAGATTATAGTTCA
seq_3,ACCAACCGGACCTTACCGTGCTCTGACCTCCCGAGTTCCGTT
seq_4,TCTCTTGACACCAGCGGGAACGGTAAATCCGCCCCCCTCTAGGGTTAACC
seq_5,ATCACCAAGTCAACAGTTTGGTAATTTTTCACCGACTTTCTATTACTCG
seq_6,CAACACTTATGCCTGGTCATAATCTCTTGGC
seq_7,TATGATGGGTTCCAGTTGTGGTTAGTGCTCAG
seq_8,GTTGTTGGAACCCCTCTGTCTCCAAGCAGCTACTTATGTACGGCACGTGGATTATTGAGCCTAGCCGGC
seq_9,GAGCCGGACGGCGAAGCGCGCGGACCATGC
seq_10,GCAGTCACTGTACCCTGTGCGGAGTCCTGAAGCTGTT
seq_11,TCCTATACGGTATATGTCGATAGGCTTTGTGTCGAAGAAGAGGCCGAATTAGTGC
seq_12,GTGATCTTTCTAATGTCTAGCTGTCTACATTGTTGCCTGTTTTTAAG
seq_13,AGCGATGAGAAGGTTGGTAGTCATCTGCACCGGCATTGGATATTTGAGCCAGATGAGGCTCACTATTG
seq_14,TGTCCTTCGACGGGGTACCGGACAAGCAACCTTCACTATAGGTTGTCGTGACG
seq_15,TGACAGGCCTTTAAGCGTGTCGATCTTCCTCCTTTGTCCCAAGAATCTAATTTATATTCTGT
seq_16,GAGTAAAGTGTTTGCGCAACCGTTTTGCTCGCCATCCAACACA
seq_17,TACTGACAACACCGTGGGGTATAGCTCCAAGGGAAGACTTATGTC
seq_18,TGGGAGCATATTTGTCGGCTCCTTGAACAAG
seq_19,AATGGCATTCGATAGTCAGTCCGCAGTCTGCGTCCCAGTAGAAAGCCGTAACGGACAGAGCGAAGCG
seq_20,TTGTCCTCTCGCAGTGAGTCCGTTCCCATAGTTTAAACAT
seq_21,TGCCAGTGACTTGATTGGTAACCGCCGCCCAGCTAA
seq_22,GGCGTGAAAAGCAAGCCTGTGAAAGGCCAGTGCGGACTTCATCACTCGGGTCGTCTGCAGTTGGG
seq_23,TGGCTTAATCATATAGTGTGCTAGATAGCAGTCGTGTGGTTCTCAAACCATTAGG
seq_24,GACGGAGCCATTGTCTGAGATCGTCGAATGACTCTAGGAATAGAT
seq_25,TGAACTCAACTTCCATGATCCGGGCTGGCCAGGTGATA
seq_26,TGAGCATCGTACCCAGCGGCCTGATTTCCCTGGAAACGGTCGGGTAAAAAATGCCGCTTGGTTTCGGCG
seq_27,TGGTCTGAGCCAATTCCGAATCAGTCGACCGCCAGATCTCCTTGCTTACTCCCCTTAACGGT
seq_28,AATTGTAGGGAGGACCTAACGAGGGTTAGTTAATATTTGTGTACAAGAACTGGCTTGAAGGGTTGATCC
seq_29,CCTAGCAAGGAACTCTCCCTAAATCCGAGGCGCACGGTCCC
seq_30,GCGAAGTTGTGATCTGAAAAGAGCTGAGACCTACAG
seq_31,AAATATACGGATACCCCGACTAACCGCTTCGTGTTGTAGATCATTCGCGAGCGTAA
seq_32,AAAGACCATATGAACGCGGGATGGTAGGGCTAGATTAGCCGATTACATGTTG
seq_33,ACTTCACTCTCTAGATAAATGGTAGCACCGCCGGGTCACTATC
seq_34,TACGTTACGTTCTCCGCGCATGGGATTTACTTCAAGA
seq_35,GTGGAGCTGGCATCGTAACATAGACTCTTGATGTCAAGTGAA
seq_36,CGGGCATAAGAAGCCACAAGTCAACGGACCACG
seq_37,CGGGAGTATTTCGCTGAGTCGTTGTAAATGAGGGCCTGGGTAACATACATAGATTAACGTCCATCGG
seq_38,CGTTCAAATGTTAAGCAATCAATCCATCGTAAGAAGGCAAAGACATTTATTGCGTATCGGAATTCTT
seq_39,TTAGTTACTCGCTAGGCACTAATCACCAGCGCACCGCCGTGGGTACTCGTAGTAGAATTGAG
seq_40,TAAGCGGATCCGTAAGTTACTTTAGCTCTTGCAGTCACGCGTATGAACTTGAACACGA
seq_41,GGTCAGTCTTTCTTGAGGCATTCGTGATTTCGGGCATACG
seq_42,ATCCTCAGCCAAAGGGTGAACCTTTATTCATTGTGTCGAATATGACACGAG
seq_43,TCGGTGAAAGCGCTGGCTACCAGGCCTCTTA
seq_44,CTTTGAGCCCTTGTGGCACTTCGTCGACGCGTGACCGGTGGAAGCCACCATTACTCTTCACGCCAAC
seq_45,ATTAGGAAGTAATGCCCGCCGAAGGAACATTATGATGGCGTAACTAATATCCGCGGCCGGACT
seq_46,CCTTTAATTGTCAAGCTGATCCCCTGAACGGGCTTCGCGTA
seq_47,TCTATGAGTCCCGGCTGAATTGTGTGCTATGAATAATTCTTTTGGGCCTCGGGACCCGGCAATACTCGG
seq_48,CTCGTTTAACCCACTATTGATATCAACGTTTTACTTTACAGTATGGTCGT
seq_49,CTTTTGAGATTGAGAACTCCGCCCTCACATAAACCACTACTTTACGCGTAGCCGCCCAAGCCTCGAGCT
seq_50,CATCGCACACCAACCCTAAGACTGAACTGGGCATGGCTTGTGGTGGTATTAGGACGTGGAATTCGTGGC
seq_51,TCACGCGACGGAGGTACCGCTGGGTTTACGCATAGTTGGTGACCTCGCGGTAGGAACATACCGCGGGCCT
seq_52,GTCTCCAAGCAAACTGGATTAGGCAATCAATGACAGCATCCGTGACCAGTCCTCGCCCGC
seq_53,TTCGGGTCATTGCGAGTATATCCTCGCGGGTCCTAGCGCAGCCAGACCTCATGTAG
seq_54,GTGTACTCGGATTTACGCTGGGACATTCCACCAAAGTCTTCCCGAAGCCTG
seq_55,GAGCTTGGTTTCCGAACTGTTATAAATCTTCATTTCCTTGTTTTCGCCCCGCCAATGCGGGTG
seq_56,TCTAGATCCCTGGGGTTAGGGCCCTTCTCCATGAGACATGGACTGGAA
seq_57,TACCCGACGGTCCTGGCCTAGCAACCGCAATCCTAGTTTGGACACTGTCGTGAACAT
seq_58,GCTCAGCCTGACGCTACTGTAGTGATAGATACCCATGA
seq_59,GTGGGGCGTACAGGTTCATGAAAGGGCCCCAACGTAACCCGTCCTCGACTCTGGGCTACCAGGA
seq_60,CCTATCATGGAAAGACCGCAACCTGAAAGGGGC
seq_61,CGCTTCCTTGAAAGAGCATCCCGCCGGTAAGAACGCCGATAGGGGGATGCCAGGTCCGG
seq_62,AGAGACAAGGGAGTGGAGAACCACAATCAGCCAC
seq_63,GGTGCCCAAGATTCCTGTTGTGGCTCGCACACCGA
seq_64,ACACAATAGGCCTAGCCCGCCACAGAATGCAACAACAATTCTGGTTGCGGTCACTTAGGTTTT
seq_65,CATTAACCCGACAAACTCTAGCCTCCTAACCCCCCAGTCTTAACGAATGCC
seq_66,GTCAGGTCGCAATGTCTATCTGGAAGCGCGAGATTGAAGAGAGAAACGAGGCGTTAGCGGGATA
seq_67,CGACATGCTTGGCGTTTGACTGTCAACAGCCCATCCACAAATCCAAGGATGCTG
seq_68,CACAAGAGGCCGTGCATACTGCAATGGTATCA
seq_69,AAGTAACACGTGGCGAGCTTAGTACCCGTAACTCGAGGCCCTATACAGCCCACCGTGAGAA
seq_70,GCCCATTGGGACTCTTGTTTGGAAATTGTTACCGTTTATTCCGTGGTGTCATA
seq_71,CGAGTCCCGGCACTGCGCCTGGAACACCCCATCATGAGGGTGA
seq_72,GTCTGCAGTGGCGAGTATATCCTGCAGCTCCCTCAGTACCTACCAGTGG
seq_73,GCCCCAAGACCCCTTCCAGAGAAATACCGG
seq_74,CGCCGATAGACGATAGGAGATACGCAGGAGTAGCATGATACTGAAGACTT
seq_75,GCGCACGGCTGAGCAGTGGATCTCTCATTCGCAGCGTTAATAGCGCCGTGCACCGTCT
seq_76,GAAATCCATGCCGGGCCAGCTTCCAACTGTCTCAGGCTAGGATGCCGTG
seq_77,TCGAGGGCGCGCAGTTTGTCATCTCCGAAATGGGACTGTGACCAAGGAGCATCTCCTGATGTCTC
seq_78,TACCAGTCGGTTACACGTGTGAGGTGTTCTT
seq_79,CCAAAACCACATACAAAGTTGATATGCTTGTT
seq_80,ACCGGGTTATTTTATAACCTAGCGCGAGACGTGTCATGACTACCCATGCTATAGTTGCAGTTTATTC
seq_81,TGTGTAGCTCCATGGGTTGGGCAGTCCGAGTTCCGGAGGCCTAAGAATGCTGCCGTCCTAA
seq_82,CATGCTGCGTTAGTGAAATTGATACCTGAAAGTCCGGTAAAAGGCAGAAAAACAGATTGC
seq_83,ATCGGGCGGTCAAAATCCTAAGCGGCTTGGTTAGTCCGGAGAGGCAAAAGTGCGTAGTGACAC
seq_84,CAAGGCCTGAGGTATATTCCTTCCTACGCCTCTTTTCAATGCTTGTT
seq_85,TATCAGTACCGGAGACTTTGGTTGGCCTCTGACTCGAGTAGGACCGGTTCTGTAATGCTTTC
seq_86,ACACAAACTAACGCTTTGCCGCTAGAGACGAT
seq_87,ACACCATCTAGTGTCAAGTGTTAGACGTAT
seq_88,GAAGATGGGGATTAAGTGTTCTAGTAATTGAGATCGCCGGTCCATCCCTAGAATCCTCG
seq_89,CATTCGTTTCGCGAACACGCCGCCGCGCAGATAGTTCACAGTACCGACAAAA
seq_90,TAGCGTGCGTACCGCTTAAGATGCGGAGTAGGGACGTCCAACGACTAACCGGCTGA
seq_91,GATCTTACCGATTCACTGCAGATTGCCTGCTTCTTAACTGAAAGCGAAAGCTGCACACA
seq_92,ATGGGATGTTAGTGAGAACGCCCCCCGTGAAGGCTGCTATGCACCGCGGAATAATATCA
seq_93,AATTGCACTTGTCTAACTTATGTGATTAAATCATCAGTCCTCGACAA
seq_94,TGGAATTAGGGCCCTATTTTAGATCGTATGC
seq_95,AATTAAAGATTCGTCAGCCACTGTGCACTGTCGGGAGAAAACCTGCGTCAAGTA
seq_96,CGAACAAGGACCTGGAATGCCTGACATACACGCGTACAATTCAGCA
seq_97,CTTAAGGACGGCGACATCATAACGTCGGGTCTTAAAACTT
seq_98,AGGGTTTCCTTGAGAGGCGACCAGCGAGTCCTAGGCTTGGTA
seq_99,CGGAACCTTACAAGTGTCAGCCATTTAACGAACGCTAATTGGGCGATATTTTCCCATCGATCTCAC
seq_100,GGCACCCCCGCCGCCAGATAACTCTTTTGGAGGAACTACCAGCCTCCCACGTCTGAT
